Код;Описание;Уровень
A;Основание и фундаменты;1
A10;Фундаменты;2
A1010;Стандартные фундаменты;3
A1010100;Фундаментные плиты и ростверки;4
A1010110;Ленточные фундаменты;5
A1010120;Фундаменты на естественном основании;5
A1010130;Свайные оголовки;5
A1010140;Свайный ростверк в виде монолитной ленты;5
A1010150;Свайный ростверк в виде плиты;5
A1010160;Монолитная фундаментная плита;5
A1010200;Фундаментные стены;4
A1010210;Монолитные фундаментные стены;5
A1010220;Фундаментные стены из бетонных блоков;5
A1010230;Деревянные фундаментные стены;5
A1010300;Пристенный дренаж;4
A1010310;Фундаментные водостоки;5
A1010400;Наружная изоляция по периметру;4
A1010410;Жесткая наружная теплоизоляция;5
A1010420;Вертикальная гидроизоляция по периметру наружных стен;5
A1010430;Гидроизоляция выступа фундаментной плиты по периметру здания;5
A1010500;Свайные фундаменты;4
A1010510;Сваи - Монолитные;5
A1010520;Сваи - Сборные бетонные;5
A1010530;Сваи - Стальные трубы;5
A1010540;Сваи - Стальные Двутавровые;5
A1010550;Сваи - Конусные;5
A1010560;Сваи - Деревянные обработанные;5
A1020;Специальные части фундаментов;3
A1020200;Фундаментные балки, рандбалки;4
A1020210;Монолитные фундаментные балки;5
A1020300;Кессоны;4
A1020310;Кессоны - Кессонная камера;5
A1020400;Распорки;4
A1020500;Удаление воды;4
A1020700;Цементация - усиление фундамента;4
A1020710;Основание инъекции под давлением;5
A1020900;Другие элементы фундамента;4
A1030;Плита по грунту;3
A1030100;Стандартная плита по грунту;4
A1030110;Плита по грунту - армированная;5
A1030120;Плита по грунту - неармированная;5
A1030200;Плита по грунту ребрами вниз;4
A1030300;Наклонная плита по грунту;4
A1030400;Траншеи;4
A1030500;Приямки и основания;4
A1030600;Подфундаментный дренаж;4
A1030700;Подфундаментная изоляция;4
A1030710;Дополнительная дренажная труба;5
A20;Котлован и подвальные конструкции;2
A2010;Котлован;3
A2010100;Выемка грунта и планировка основания;4
A2010110;Выемка грунта;5
A2010120;Насыпь грунта до отметки основания (когда дно котлована выше сущ. рельефа);
A2010130;Обратная засыпка с послойным трамбованием;
A2010200;Обратная засыпка пазух котлована и уплотнение;4
A2010300;Укрепление откосов и стенок котлована;4
A2010310;Укрепление подпорками;5
A2020;Подвальные стены;3
A2020100;Конструкции стен подвала;4
A2020110;Подвальные стены - монолитные;5
A2020120;Подвальные стены - сборный бетон;5
A2020130;Подвальные стены - деревянные;5
A2020200;Гидроизоляция;4
A2020210;Фундаментная гидроизоляция;5
A2020300;Утепление подвальных стен;4
A2020310;Жесткая изоляция фундаментных стен;5
A2020400;Внутренняя отделка подвала;4
B;Несущие и ограждающие конструкции;1
B10;Конструкции выше нуля;2
B1010;Конструкции этажа;3
B1010100;Конструкции подвесного цокольного перекрытия;4
B1010200;Конструкции этажа - Вертикальные элементы;4
B1010210;Несущие стены - Монолитная бетонная;5
B1010215;Несущие стены - Сборная бетонная;5
B1010220;Несущие стены - Каркас обшитый гипсокартоном;5
B1010225;Несущие стены - Каркас оштукатуренный;5
B1010240;Колонны - Монолитные;5
B1010245;Колонны - Сборный бетон;5
B1010250;Колонны - Стальные;5
B1010255;Колонны - Деревянные;5
B1010300;Конструкции этажа - Горизонтальные элементы;4
B1010310;Балки - Монолитные;5
B1010320;Балки - Сборный бетон;5
B1010325;Балки - Сборный бетон ТТ-образные;5
B1010330;Балки - Стальные;5
B1010340;Балки - Деревянные (Цельная древесина);5
B1010345;Балки - Деревянные (Клееная древесина);5
B1010350;Балки настила - Стальные;5
B1010355;Балки настила - Деревянные (Цельная древесина);5
B1010358;Балки настила - Деревянные (Клееная древесина);5
B1010370;Металлический профнастил;5
B1010375;Деревянное покрытие;5
B1010380;Сборные пустотные плиты;5
B1010400;Смешанные конструктивые системы;4
B1010410;Монолитная ж/б плита опертая по 2 сторонам;5
B1010412;Монолитная плоская ж/б плита;5
B1010414;Монолитная ж/б плита с капителями;5
B1010416;Монолитная балочная ж/б плита;5
B1010418;Кесонная монолитная плита;5
B1010420;Монолитная балка и плита - по 2 сторонам;5
B1010422;Монолитная балка и плита - по 4 сторонам;5
B1010430;Композитная балка и плита;5
B1010432;Композитная балка, настил и плита;5
B1010434;Монолитная ж/б плита по профнастилу;5
B1010440;Сборные пустотные плиты перекрытий по сборным балкам ;5
B1010442;Сборные ТТ-плиты перекрытий по сборным балкам;5
B1010460;Стальные фермы с балками;5
B1010462;Металлические балки с балками настила);5
B1010464;Стальные фермы с крестовыми связями;5
B1010470;Конструкция перекрытия из ЛСТК;5
B1010480;Деревянные балки с прогонами;5
B1010482;Клееные деревянные балки с прогонами;5
B1010500;Конструкция перекрытия балкона;4
B1010600;Рампы;4
B1010700;Наружные лестницы и пожарные выходы;4
B1010800;Система лотков в перекрытии;4
B1010900;Огнезащита - Конструкция перекрытия;4
B1010910;Огнезащита металлической балки;5
B1010920;Огнезащита стальной колонны;5
B1020;Конструкции кровли;3
B1020100;Плоская кровля - Вертикальные элементы;4
B1020110;Несущие стены - Монолитная бетонная;5
B1020115;Несущие стены - Сборная бетонная;5
B1020120;Несущие стены - Каркас обшитый гипсокартоном;5
B1020125;Несущие стены - Каркас оштукатуренный;5
B1020140;Колонны - Монолитные ;5
B1020145;Колонны - Сборный бетон;5
B1020150;Колонны - Металические;5
B1020155;Колонны - Деревянные;5
B1020200;Плоская кровля - Горизонтальные элементы;4
B1020210;Балки - Монолитные;5
B1020220;Балки - Сборный бетон;5
B1020225;Балки - Сборный бетон ТТ-образные;5
B1020230;Балки - Стальные;5
B1020240;Балки - Деревянные (цельная древесина);5
B1020245;Балки - Деревянные (клееная древесина);5
B1020250;Балки настила - Стальные;5
B1020255;Балки настила - Деревянные (цельная древесина) ;5
B1020258;Балки настила - Деревянные (клееная древесина);5
B1020260;Металлический профнастил;5
B1020265;Деревянное покрытие ;5
B1020270;Сборные пустотные плиты;5
B1020300;Плоская кровля - Конструктивная система;4
B1020310;Монолитная ж/б плита опертая по 2-м сторонам;5
B1020312;Монолитная плоская ж/б плита;5
B1020314;Монолитная ж/б плита с капителями;5
B1020316;Монлитная балочная ж/б плита;5
B1020318;Кесонная монолитная плита;5
B1020320;Монолитная балка и плита по 2 сторонам;5
B1020322;Монолитная балка и плита по 4 сторонам;5
B1020330;Композитная балка и плита;5
B1020332;Композитная балка, настил и плита;5
B1020334;Монолитная ж/б плита по профнастилу;5
B1020340;Сборные пустотные плиты перекрытий по сборным балкам;5
B1020342;Сборные ТТ-плиты по сборным балкам;5
B1020360;Стальные фермы с балками;5
B1020362;Металлические балки с балками настила);5
B1020364;Стальные фермы с крестовыми связями;5
B1020370;Конструкция перекрытия из ЛСТК;5
B1020380;Деревянные балки с прогонами;5
B1020382;Клееные деревянные балки с прогонами;5
B1020400;Скатная конструкция кровли;4
B1020500;Сводчатая конструкция кровли;4
B1020600;Куполообразная конструкция кровли;4
B1020700;Тканевая (натяжная) кровельная конструкция;4
B1020800;Навесы;4
B1020900;Огнезащита - Кровельные конструкции;4
B1020910;Огнезащита металлической балки;5
B1020920;Огнезащита стальной колонны;5
B20;Наружное ограждение;2
B2010;Наружные стены;3
B2010100;Конструкция наружной стены;4
B2010110;Наружная стена - Монолитная;5
B2010120;Наружная стена - Сборный бетон;5
B2010125;Наружная стена - Сборные перемычки и детали;5
B2010130;Наружная стена - Сборно-монолитная Tilt-up;5
B2010140;Наружная стена - Сборный бетон;5
B2010142;Наружная стена - Сборные пустотные блоки;5
B2010144;Наружная стена - Сборная композитная;5
B2010146;Наружная стена - Сборные перемычки и детали;5
B2010148;Наружная стена - Стеклянные блоки;5
B2010150;Наружная стена - Кирпич (Один слой);5
B2010152;Наружная стена - Кирпич (Два отдельных ряда);5
B2010154;Наружная стена - Кирпич пустотный;5
B2010156;Наружная стена - Кирпич композитный;5
B2010158;Наружная стена - Кирпичная облицовка каркаса;5
B2010160;Наружная стена - Каменная облицовка каркаса;5
B2010170;Наружная стена - Каркас металлической обшивки;5
B2010175;Наружная стена - Металлические панели обшивки;5
B2010180;Наружная стена - Деревянный каркас с обшивкой и битумной черепицей;5
B2010185;Наружная стена - Деревянный каркас со штукатуркой;5
B2010200;Парапеты;4
B2010300;Наружные фонари, экраны и ограждения;4
B2010400;Наружная солнечная батарея;4
B2010500;Балконные стены и ограждения;4
B2010600;Наружная нижняя поверхность выступающих конструкций;4
B2020;Наружные окна;3
B2020100;Окна;4
B2020110;Окна - Алюминиевые;5
B2020120;Окна - Металлические;5
B2020130;Окна - Дерево;5
B2020200;Навесные стены;4
B2020210;Навесные стены - каркас стены;5
B2020220;Навесные стены - панели;5
B2020300;Витражи;4
B2020400;Оконные сетчатые экраны;4
B2030;Наружные двери;3
B2030100;Остекленные двери;4
B2030110;Наружные остекленные двери - Алюминиевые;5
B2030120;Наружные остекленные двери - Стальные;5
B2030130;Наружные остекленные двери - Деревянные;5
B2030200;Глухие наружные двери;4
B2030210;Наружные глухие двери - Алюминиевые;5
B2030220;Наружные глухие двери - Стальные;5
B2030230;Наружные глухие двери - Деревянные;5
B2030300;Вращающаяся двери;4
B2030400;Подъемные ворота и решетчатые ворота;4
B2030410;Подъемные ворота;5
B2030420;Решетчатые ворота;5
B2030500;Проемы в стене;4
B2030900;Другие наружные двери;4
B30;Кровля;2
B3010;Покрытие кровли;3
B3010100;Отделочный слой кровли;4
B3010110;Кровля - Сборная;5
B3010120;Кровля - Однослойная мембрана;5
B3010130;Кровля -  Профнастил;5
B3010140;Кровля - Прокатная сталь;5
B3010150;Кровля - Мягкая черепица;5
B3010200;Кровельные дорожки и Мембраны эксплуатируемой кровли;4
B3010300;Кровельная Теплоизоляция и Засыпка;4
B3010310;Кровельная жесткая изоляция;5
B3010400;Кровельная гидроизоляция в местах стыков и окантовки;4
B3010410;Гидроизолирующий кровельный фартук;5
B3010420;Кровельные зашивки по контуру;5
B3010430;Кровельные фартуки;5
B3010500;Кровельные карнизы и свесы крыши;4
B3010600;Водоотливы и Водосточные трубы;4
B3010610;Водоотливы;5
B3010620;Водосточные трубы;5
B3020;Кровельные проемы;3
B3020100;Остекленные кровельные проемы;4
B3020110;Кровельные фонари;5
B3020200;Кровельные люки;4
B3020210;Кровельные люки;5
B3020220;Люки дымоудаления;5
B3020230;Кровельное вспомогательное оснащение;5
B3020300;Дефлектор;4
C;Внутренние элементы ненесущие (перегородки, двери, отделка);1
C10;Внутренние конструкции. Перегородки, Двери, Мебель;2
C1010;Перегородки;3
C1010100;Стационарные перегородки;4
C1010110;Перегородки - Кирпич полнотелый;5
C1010115;Перегородки - Кирпич пустотелый;5
C1010118;Перегородки - Каменные блоки с пустотами;5
C1010120;Перегородки - Мелкоштучные цементо-песчаные блоки;5
C1010130;Перегородки - Стеклянные блоки;5
C1010135;Перегородки - Навесные временные;5
C1010140;Перегородки - Гипсокартонные с деревянным каркасом;5
C1010145;Перегородки - Гипсокартонные с металлическим каркасом;5
C1010150;Перегородки - Оштукатуренные по утеплителю в деревянном каркасе;5
C1010155;Перегородки - Оштукатуренные по утеплителю в металлическом каркасе;5
C1010180;Компоненты перегородки - Деревянный каркас;5
C1010185;Компоненты перегородки - Металлический каркас;5
C1010190;Компоненты перегородки - Гипсокартон;5
C1010195;Компоненты перегородки - Штукатурка;5
C1010200;Перегородки съемные;4
C1010210;Перегородки - Съемные, гипсокартонные;5
C1010300;Перегородки раздвижные;4
C1010310;Перегородки складные;5
C1010400;"Перегородки устраиваемые ""по месту"" сантехнические для туалетов";4
C1010500;"Пергородки устраиваемые ""по месту"" для отсеков, купе, кабин";4
C1010600;Внутренние балюстрады и экраны;4
C1010700;Внутренние окна и витрины;4
C1010710;Внутренние остекленные проемы;5
C1020;Внутренние двери;3
C1020100;Внутренние дверные полотна;4
C1020110;Внутренние дверные полотна - металлические;5
C1020120;Внутренние дверные полотна - деревянные;5
C1020200;Дверные коробки внутренние;4
C1020210;Дверная коробка - Металлическая;5
C1020220;Дверная коробка - Деревянная;5
C1020300;Внутренние двери с коробкой;4
C1020310;Внутренние металлические двери с металлической коробкой;5
C1020320;Внутренние деревянные двери с металлической коробкой;5
C1020330;Внутренние деревянные двери с деревянной коробкой;5
C1020400;Фурнитура для внутренних дверей;4
C1020410;Фурнитура внутренней двери;5
C1020500;Элементы проемов внутренних дверей;4
C1020600;Фрамуги и боковой свет внутренних дверей;4
C1020700;Внутренние люки и двери доступа в тех. помещения;4
C1030;Мебель и приборы;3
C1030100;Отсеки и кабины заводского изготовления;4
C1030110;Сантехнические перегородки заводского изготовления;5
C1030120;Телефонные кабины;5
C1030200;Аксессуары для ванной и санузла;4
C1030210;Аксессуары для ванной и санузла - коммерческие;5
C1030220;Аксессуары для ванной и санузла - жилые;5
C1030230;Больничные шторы раздвижные;5
C1030300;Специализированные хранилища;4
C1030310;Сейфы, шкафчики;5
C1030320;Стеллаж;5
C1030330;Ящик для деталей;5
C1030400;Шкафы и счетчики заводского изготовления;4
C1030410;Шкафы;5
C1030500;Информационная и визуальная навигация;4
C1030510;Знаки;5
C1030520;Информационные стенды, доски для управления строительством;5
C1030530;Доски объявлений;5
C1030540;Классные доски и Белые доски с маркерами;5
C1030600;Внутренние тактильные напольные указатели для МГН;4
C1030610;Турникеты;5
C1030700;Интегрированные приложения;4
C1030900;Другие приспособления;4
C1030910;Почтовые ящики;5
C20;Лестницы;2
C2010;Конструкции лестниц;3
C2010100;Прямые лестницы;4
C2010110;Лестницы - Монолитные;5
C2010120;Лестницы - Сборные;5
C2010130;Лестницы - Стальные;5
C2010140;Лестницы - Деревянные;5
C2010200;Изогнутые лестницы;4
C2010300;Спиралевидные лестницы;4
C2010310;Спиралевидные лестницы - Металлические;5
C2010320;Спиралевидные лестницы - Деревянные;5
C2010400;Лестничные поручни и балюстрады;4
C2020;Лестничная отделка;3
C2020100;Лестница, Отделка ступеней и площадки;4
C2020200;Лестница, Отделка софита;4
C2020300;Отделка лестничного ограждения и балюстрад;4
C30;Внутренняя отделка помещений;2
C3010;Отделка стен;3
C3010100;Отделка стен;4
C3010110;Отделка стен - Краска;5
C3010120;Отделка стен - Декоративная штукатурка;5
C3010130;Отделка стен - Покрытие обоями;5
C3010140;Отделка стен - Зашивка панелями;5
C3010150;Отделка стен - Кафельная плитка;5
C3010300;Отделка колонн;4
C3020;Отделка полов;3
C3020100;Напольные покрытия;4
C3020110;Бетонные стяжки;5
C3020120;Акриловые покрытия;5
C3020130;Эпоксидные покрытия;5
C3020200;Дорожные мембраны;4
C3020300;Уплотнители;4
C3020400;Напольное покрытие;4
C3020410;Напольное покрытие - Sheet Goods;5
C3020420;Напольное покрытие - Terrazzo;5
C3020430;Напольное покрытие - Кафельная плитка;5
C3020440;Напольное покрытие - Виниловый пол;5
C3020450;Напольное покрытие - Дерево;5
C3020490;Напольное покрытие - Другой;5
C3020500;Ковролин;4
C3020510;Ковер;5
C3020520;Ковровая плитка;5
C3020600;Основание, бордюры, подрезки;4
C3020610;Основа - Винил и резина;5
C3020620;Основа - Дерево;5
C3020700;Входные пьедесталы;4
C3020800;Подпольные и подстилающие слои;4
C3020810;Подпольные и подстилающие слои - Деревянные;5
C3030;Отделка потолка;3
C3030100;Накладные потолочные покрытия;4
C3030110;Потолки - Краска;5
C3030120;Потолки - Штукатурка;5
C3030130;Потолки - Обои;5
C3030140;Потолки - Панели;5
C3030150;Потолки - Плитка;5
C3030200;Подвесные потолки;4
C3030210;Подвесные потолки - Типа ARMSTRONG;5
C3030220;Подвесные потолки - Гипсокартон;5
C3030230;Подвесные потолки - Натяжной;5
C3030300;Компоненты подвесного потолка;4
C3030310;Компоненты потолка - Гипсокартон;5
C3030320;Компоненты потолка - Натяжной;5
C3030900;Другие потолочные отделки;4
D;Обслуживающее оборудование, вспомогательное;1
D10;Транспортирование;2
D1010;Подъемники и лифты;3
D1010100;Пассажирские подъемники;4
D1010110;Подъемники - Гидравлические;5
D1010130;Подъемники - Масляные;5
D1010140;Подъемники - Редукторные;5
D1010150;Подъемники - Тяговые зубчатые;5
D1010200;Грузовые подъемники;4
D1010210;Подъемники - Грузовые;5
D1010300;Лифты;4
D1010310;Лифты - Пассажирские;5
D1020;Эскалаторы и Траволаторы;3
D1020100;Эскалаторы;4
D1020110;Эскалаторы;5
D1020200;Траволаторы;4
D1020210;Траволаторы;5
D1090;Другие конвейерные системы;3
D1090100;Кухонный лифт (небольшой лифт для еды и посуды);4
D1090200;Пневматическая трубная система;4
D1090300;Лебедки и краны;4
D1090400;Конвейеры;4
D1090410;Конвейеры - Горизонтальные и наклонные;5
D1090420;Конвейеры - Вертикальные;5
D1090500;Лотки;4
D1090510;Лотки - Белье и мусороудаление;5
D1090520;Лотки - Почта;5
D1090600;Вращающийся стол;4
D1090700;Системы обработки и загрузки багажа;4
D1090800;Другие системы транспортировки;4
D20;Сантехника;2
D2010;Сантехника;3
D2010100;Унитазы;4
D2010110;Унитазы - Одиночные;5
D2010120;Унитазы - Групповые;5
D2010200;Писсуары;4
D2010210;Писсуары - Одиночные;5
D2010220;Писсуары - С датчиками движения;5
D2010300;Умывальники в санузлах;4
D2010310;Умывальники - Одиночные;5
D2010320;Умывальники - С датчиками движения;5
D2010400;Раковины и мойки;4
D2010410;Раковины - Кухонные;5
D2010420;Раковины - Прачечные;5
D2010430;Раковины - Лабораторные;5
D2010440;Раковины - Служебные;5
D2010500;Ванны;4
D2010510;Ванны;5
D2010600;Фонтаны;4
D2010610;Фонтаны - Группа;5
D2010700;Душ;4
D2010710;Душ;5
D2010800;Питьевые фонтаны и куллеры;4
D2010810;Питьевые фонтаны;5
D2010820;Куллеры;5
D2010900;Другие сантехнические приборы;4
D2010910;Биде;5
D2020;Внутренние системы водоснабжения;3
D2020100;Холодное водоснабжение;4
D2020200;Горячее водоснабжение;4
D2020300;Хозяйственное водоснабжение (не питьевое);4
D2030;Канализация;3
D2030100;Канализационные трубы;4
D2030200;Вентиляционная труба;4
D2030300;Внутренний дренаж в полу;4
D2030400;Оборудование для сантехнических отходов;4
D2030500;Изоляция канализационных труб;4
D2040;Дождевой дренаж;3
D2040100;Трубы и фиттинги;4
D2040200;Кровельный дренаж;4
D2040300;Дренажные насосы и дренажное оборудование;4
D2040400;Изоляция дренажных труб;4
D2090;Другие трубные системы;3
D2090100;Система распределения газа;4
D2090200;Системы кислотных отходов;4
D2090300;Жироуловители и перехватчики;4
D2090400;Трубопроводы и оборудование для бассейнов;4
D2090500;Декоративные фонтанные трубопроводы и устройства;4
D2090600;Специальные системы водоснабжения;4
D2090800;Трубы и фиттинги других трубопроводных систем;4
D2090900;Другие детали трубопроводных систем;4
D30;Отопление, вентиляция и кондеционирование;2
D3010;Энергоснабжение;3
D3010100;Система подачи масла;4
D3010200;Система подачи газа;4
D3010300;Система подачи угля;4
D3010400;Система подачи пара;4
D3010500;Система подачи горячей воды;4
D3010600;Система подачи холодной воды;4
D3010700;Солнечные энергетические системы;4
D3010800;Ветряные энергетические системы;4
D3010900;Системы на топливных элементах;4
D3020;Теплогенерирующие системы;3
D3020100;Бойлеры;4
D3020200;Бойлерная комната и трубная обвязка;4
D3020300;Вспомогательное оборудование;4
D3020400;Изоляция;4
D3030;Системы охлаждения;3
D3030100;Водяные системы охлаждения;4
D3030200;Обноступенчатые системы прямого расширения;4
D3030300;Компоненты других систем охлаждения;4
D3040;Системы распределения;3
D3040100;Системы распределения воздуха;4
D3040200;Системы вытяжной вентиляции;4
D3040300;Системы распределения пара;4
D3040400;Распределение горячей воды;4
D3040500;Распределение холодной воды;4
D3040600;Системы распределения с переключением режимов работы;4
D3040700;Системы распределения гликоля;4
D3050;Автономные и неавтономные местные кондиционеры;3
D3050100;Неавтономные местные кондиционеры;4
D3050200;Автономные местные кондиционеры;4
D3060;Контрольно-измерительные приборы и автоматика;3
D3060100;КИПиА отопительных систем;4
D3060200;КИПиА охладительных систем;4
D3060300;КИПиА воздушных систем отопления/охлаждения;4
D3060400;КИПиА систем вентиляции и дымоудаления;4
D3060500;КИПиА вытяжки и вытяжных систем;4
D3060600;КИПиА воздухораспределителей;4
D3060700;Приборы учета потребления энергии и мониторинга;4
D3060800;Автоматизированная система управления инженерным оборудованием здания;4
D3070;Системы тестирования и балансировки;3
D3070100;Системы тестирования и балансировки трубопроводов;4
D3070200;Системы тестирования и балансировки воздуховодов;4
D3070300;Приемка и ввод в эксплуатацию систем ОВиК;4
D3070900;Тестирование и балансировка других систем;4
D3090;Другие системы и оборудование ОВиК;3
D3090100;Специализированный охлаждающие системы и устройства;4
D3090200;Специализированный контроль влажности;4
D3090300;Пылеуловители;4
D3090400;Воздушные завесы;4
D3090500;Очистители воздуха;4
D3090600;Вентиляция для краскораспылителей;4
D3090700;Общие строительные элементы (ОВиК);4
D3090900;Другие детали ОВИК систем и оборудования;4
D40;Огнезащита;2
D4010;Спринклеры;3
D4010100;Спринклерный водопровод;4
D4010200;Спринклерные насосные установки;4
D4010300;Наполненные спринклерные системы;4
D4010400;Сухотрубные спринклерные системы;4
D4020;Напорные трубопроводы;3
D4020100;Напорные трубопроводы водоснабжения;4
D4020200;Насосное оборудование;4
D4020300;Напорное оборудование;4
D4020400;Напорное оборудование пожаротушения;4
D4030;Специализированная противопожарная защита;3
D4030100;Огнетушители;4
D4030200;Шкафы с огнетушителями;4
D4030900;Другие специализированные элементы противопожарной защиты;4
D4090;Другие системы противопожарной защиты;3
D4090100;Углекислотные противопожарные системы;4
D4090200;Пеногенерирующее оборудование для тушения пожаров;4
D4090300;Система автономного пожаротушения огнетушителями;4
D4090400;Системы порошкового пожаротушения;4
D4090500;Вытяжные и воздухоудаляющия противопожарная защита;4
D4090900;Другие системы пожаротушения;4
D50;Электрика;2
D5010;Электрооборудование / Системы распределения;3
D5010100;Высоковольтное оборудование и доставка;4
D5010200;Низковольтное оборудование и доставка;4
D5020;Освещение и электропроводка внутри квартиры (розетки, выключатели);3
D5020100;Внутренняя разводка и приборы;4
D5020110;Розетки в стенах;5
D5020115;Розетки в полу;5
D5020120;Выключатели настенные;5
D5020200;Осветительное оборудование;4
D5020210;Освещение - Люминесцентное;5
D5020220;Освещение - Лампы накаливания;5
D5020230;Освещение - Высокой интенсивности;5
D5020280;Фонарные столбы;5
D5030;Связь и безопасность;3
D5030100;Системы громкого оповещения и музыкальные системы;4
D5030200;Домофоны и системы громкоговорящего вызова (лифты, метро);4
D5030300;Телефонные системы;4
D5030400;Системы экстренного вызова;4
D5030500;Телевизионные системы;4
D5030600;Интернет системы;4
D5030700;Системы пожарной сигнализации;4
D5030800;Системы безопасности и видеонаблюдения;4
D5030900;Другие системы связи и безопасности;4
D5090;Другие электрические системы;3
D5090100;Системы заземления;4
D5090200;Системы аварийного освещения и резервного энергопитания;4
D5090300;Системы кабельных каналов в полах;4
D5090400;Общие строительные элементы (для Электр.);4
D5090900;Другие электрические системы;4
E;Оборудование и мебель;1
E10;Оборудование;2
E1010;Коммерческое оборудование;3
E1010100;Охранное оборудование и сейфы;4
E1010110;Инжерено-технические средства безопасности;5
E1010120;Сейфовое оборудование;5
E1010200;Банкоматы и устройства оплаты услуг;4
E1010300;Регистрационное оборудование;4
E1010400;Гардеробное оборудование;4
E1010500;Торговое оборудование;4
E1010510;Витрина;5
E1010520;Касса;5
E1010600;Оборудование для прачеченой и химчистки;4
E1010610;Прачечное оборудование - Стиральные машины и сушилки;5
E1010620;Прачечное оборудование - Гладильное оборудование;5
E1010700;Торговое автономное оборудование;4
E1010800;Офисное оборудование;4
E1010900;Другое коммерческое оборудование;4
E1020;Узкоспециализированное оборудование;3
E1020100;Церковное оборудование;4
E1020110;Церковное оборудование - Шпили и колокола;5
E1020120;Церковное оборудование - Относящееся к крещению, купели;5
E1020130;Церковное оборудование - Скамьи;5
E1020200;Библиотечное оборудование;4
E1020210;Библиотечное оборудование - Индивидуальная кабина;5
E1020230;Библиотечное оборудование - Полки и столы;5
E1020300;Театральное и сценическое оборудование;4
E1020310;Театральное оборудование - Проектор;5
E1020320;Театральное оборудование - Светильники и дорожки;5
E1020330;Театральное оборудование - Шторы;5
E1020400;Инструментальное оборудование;4
E1020500;Аудиовизуальное оборудование;4
E1020600;Тюремное оборудование;4
E1020700;Лабораторное оборудование;4
E1020710;Лабораторное оборудование;5
E1020720;Лабораторные шкафы и столешницы;5
E1020730;Лабораторные вытяжки;5
E1020800;Медицинское оборудование;4
E1020810;Медицинская мебель и оборудование;5
E1020820;Рентгеновское оборудование;5
E1020900;Другое профессиональное оборудование;4
E1030;Автомобильное оборудование;3
E1030100;Оборудование автосервиса;4
E1030200;Оборудование для контроля парковки;4
E1030300;Оборудование погрузочной платформы;4
E1030900;Другое автотранспортное оборудование;4
E1090;Другое оборудование;3
E1090100;Оборудование для технического обслуживания;4
E1090200;Оборудование для обработки твердых отходов;4
E1090300;Оборудование для предприятий общественного питания;4
E1090310;Предприятия общественного питания - Столы и столешницы;5
E1090320;Предприятия общественного питания - Бытовая техника и оборудование;5
E1090330;Предприятия общественного питания - Камерные холодильники;5
E1090400;Жилое оборудование;4
E1090500;Оборудование для фотокомнаты (тёмной комнаты);4
E1090600;Оборудование для мойки окон;4
E1090900;Другое оборудование;4
E20;Мебель;2
E2010;Встроенная мебель;3
E2010100;Встроенная картина;4
E2010200;Встроенные шафы и столешницы;4
E2010300;Занавески;4
E2010310;Занавески - Жалюзи;5
E2010320;Занавески - Рулонные шторы;5
E2010330;Занавески - Шторы;5
E2010400;Встроенные напольные решетки и ковры;4
E2010500;Встроенные кресла и скамейки;4
E2010600;Встроенные элементы ландшафтного дизайна;4
E2020;Передвижная мебель;3
E2020100;Передвижные картины;4
E2020200;Мебель и аксессуары;4
E2020300;Ковры и маты;4
E2020400;Передвижные кресла и скамейки;4
E2020500;Передвижные элементы ландшафтного дизайна;4
F;Специальные конструкции и демонтаж;1
F10;Специальные конструкции;2
F1010;Специальные сооружения;3
F1010100;Воздухоопорные, надувные сооружения;4
F1010200;Конструкции индивидуального изготовления;4
F1010300;Другие специальные конструкции;4
F1020;Встраимое строительство;3
F1020100;Встроенные блоки;4
F1020200;Встриваемые помещения специального назначения;4
F1020300;Другие встроенные конструкции, блоки;4
F1030;Специальные строительные системы;3
F1030100;Звукозащитные, виброзащитные и сейсмозащитные конструкции;4
F1030200;Радиационная защита;4
F1030300;Специальные конструкции для систем безопасности;4
F1030400;Своды;4
F1030900;Другие специальные строительные системы;4
F1040;Специальные сооружения;3
F1040100;Водные принадлежности;4
F1040200;Ледовые катки;4
F1040300;Сжигательная печь на стройплощадке;4
F1040400;Питомники и приюты для животных;4
F1040500;Резервуары для хранения жидкости и газа;4
F1040900;Другие специализированные сооружения;4
F1050;Специализированные элементы управления и приборы;3
F1050100;Звукозаписывающее оборудование;4
F1050200;Автоматизированная система управления инженерным оборудованием здания;4
F1050900;Другие специальные приборы управления;4
F20;Частичный демонтаж здания;2
F2010;Сносимые строительные элементы;3
F2010100;Сносимые внутренние элементы здания;4
F2010200;Сносимые внешние элементы здания;4
F2020;Устранение опасных элементов здания;3
F2020100;Удаление опасных компонентов;4
F2020200;Защита, огораживание опасных компонентов;4
G;Строительная площадка;1
G10;Подготовка строительной площадки;2
G1010;Очистка площадки;3
G1010100;Уборка мусора и корчевание;4
G1010200;Удаление деревьев и измельчение;4
G1020;Демонтаж на площадке и перемещения;3
G1020100;Снос здания;4
G1020200;Снос компонентов площадки;4
G1020300;Перемещение зданий;4
G1020400;Вынос инженерных сетей;4
G1030;Земляные работы по площадке;3
G1030100;Планировка площадки экскаватором и вывоз грунта;4
G1030200;Обратная засыпка;4
G1030300;Укрепление и стабилизация грунта;4
G1030400;Водопонижение на площадке;4
G1030500;Подпорные стенки котлованов;4
G1030600;Насыпи;4
G1030700;Борьба с эрозией;4
G1030800;Траншеи под инженерные коммуникации;4
G1040;Удаление опасных отходов;3
G1040100;Удаление загрязненного грунта;4
G1040200;Восстановление и лечение почвы;4
G1040900;Другие виды рекультивации опасных отходов;4
G20;Благоустройство территории;2
G2010;Дороги;3
G2010100;Основание и подготовка дорожной одежды;4
G2010200;Мощение и устройство дорожного покрытия;4
G2010300;Бордюры, лотки и водостоки дорог;4
G2010400;Ограждения и барьеры;4
G2010500;Нарисованные линии и разметка;4
G2010600;Информационные указатели, знаки;4
G2010700;Автотранспортные мосты;4
G2020;Автостоянки;3
G2020100;Основание и подготовка под стоянку;4
G2020200;Мощение и устройство покрытия стоянки;4
G2020300;Бордюры, лотки и водостоки автостоянок;4
G2020400;Ограждения и барьеры;4
G2020500;Парковочные будки и оборудование;4
G2020600;Нарисованные линии и разметка;4
G2020700;Информационные указатели, знаки;4
G2030;Пешеходные пути;3
G2030100;Основание под тротуары;4
G2030200;Тротуар;4
G2030300;Кирпичное и плиточное покрытие;4
G2030400;Окантовка, подрезка;4
G2030500;Крыльца и пандусы;4
G2030600;Пешеходные мосты;4
G2040;Застройка площадки;3
G2040100;Заборы и ворота;4
G2040200;Подпорные стены;4
G2040300;Бермы и стены по периметру площадки;4
G2040400;Информационные указатели, знаки;4
G2040500;Бытовое обустройство площадки;4
G2040600;Фонтаны, бассейны и водостоки ;4
G2040700;Игровые площадки;4
G2040800;Флагштоки;4
G2040900;Другие работы на площадке;4
G2050;Ландшафтный дизайн;3
G2050100;Планировка рельефа и подготовка почвы;4
G2050200;Меры эрозии;4
G2050300;Автотранспортные мосты;4
G2050400;Посев и дернование;4
G2050500;Озеленение (посадка деревьев и кустарника);4
G2050600;Посадка травы и цветов;4
G2050700;Системы капельного орашения;4
G2050900;Другие элементы ландшафта;4
G30;Внутриплощадочные инженерные сети;2
G3010;Водоснабжение;3
G3010100;Распределение и хранение питьевой воды;4
G3010200;Распределение и хранение хозяйственной воды;4
G3010300;Скважины, колодцы;4
G3010400;Распределение и хранение воды на противопожарные нужды;4
G3010500;Насосные станции;4
G3010600;Системы полива растений;4
G3020;Канализация;3
G3020100;Канализационные трубопроводы;4
G3020200;Люки и прочистки канализационные;4
G3020300;Локальные очистные сооружения;4
G3020400;Канализационная насосная станция (КНС);4
G3020500;Водоотвод жидкости от растений с отходами;4
G3030;Ливневая канализация;3
G3030100;Трубы ливневой канализации;4
G3030200;Люки ливневой канализации;4
G3030300;Подпорные стенки и остойники;4
G3030400;Перекачивающие насосные станции;4
G3030500;Удерживающие пруды;4
G3030600;Канавы, водопропускные трубы и дюкеры;4
G3040;Теплоснабжение;3
G3040100;Паровое питание;4
G3040200;Возврат конденсата;4
G3040300;Система горячего водоснабжения;4
G3040400;Насосные станции;4
G3050;Холодоснабжение;3
G3050100;Трубы холодоснабжения;4
G3050200;Скважины для охлаждения/нагрева;4
G3050300;Насосные станции;4
G3050400;Градирни на площадке;4
G3060;Топливоснабжение;3
G3060100;Топливный трубопровод;4
G3060200;Топливное оборудование;4
G3060300;Емкости для хранения топлива;4
G3060400;Перекачивающие топливо станции;4
G3090;Другие инженерные системы на площадке;3
G3090100;Системы утилизации промышленных отходов;4
G3090200;Системы распределения горюче-смазочных материалов (ГСМ);4
G40;Внутриплощадочные электрические сети;2
G4010;Распределение электроэнергии;3
G4010100;Подстанции;4
G4010200;Надземные линии электропередач;4
G4010300;Подземные линии электропередач;4
G4020;Освещение площадки;3
G4020100;Внутриплощадочные светильники и трансформаторы;4
G4020200;Внутриплощадочные столбы освещения;4
G4020300;Кабелепроводы и лотки;4
G4020400;Щиток управления освещением площадки;4
G4030;Системы связи и безопасности на площадке;3
G4030100;Системы связи на площадке;4
G4030200;Охранные системы и аварийные системы оповещения на площадке;4
G4040;Другие электрические инженерные сети на площадке;3
G4040100;Противокоррозионная катодная защита;4
G4040200;Аварийный генератор электроэнергии на площадке;4
G90;Другие конструкции на площадке;2
G9010;Служебные и пешеходные тоннели;3
G9010100;Служебные тоннели;4
G9010200;Траншейная опалубка;4
G9010300;Пешеходные тоннели;4
G9090;Другие системы и оборудование на стройплощадке;3
G9090100;Системы снеготаяния;4
